"Keyword","Impressions","Clicks","CTR","Avg. Position"
"epa 608 practice test","2378","145","6.1000000000000005%","4.534473591253153"
"epa 608","739","10","1.35%","4.997292692828148"
"epa 608 study guide","629","163","25.91%","1.6740882352941173"
"epa 608certification","558","10","1.79%","4.259860931899642"
"esco epa 608 practice test","259","3","1.16%","5.444019691119691"
"epa practice test","168","3","1.79%","5.571416071428572"
"epa 608 practice test free","66","15","22.73%","4.000003030303031"
"608 certification","62","8","12.9%","4.4677354838709675"
"national tradesman epa 608","56","0","0%","4.0893"
"epa 608 universal practice test","54","27","50%","1.0740740740740742"
"epa practice test 608","48","4","8.33%","3.895835416666667"
"epa certification","41","0","0%","6.268339024390244"
"esco institute 608","38","0","0%","4.499992105263158"
"epa 608 actual test questions","35","6","17.14%","3.914291428571429"
"+epa.608practicetest/net/core.html","33","13","39.39%","2"
"epa universal certification","33","1","3.0300000000000002%","5.545448484848484"
"epa 608 practice exams","31","8","25.810000000000002%","9.967732258064517"
"epa 608 universal certification","29","1","3.45%","4.034462068965517"
"epa 608 free practice exam","28","0","0%","4.7143"
"608 practice test","27","2","7.41%","4.5185"
"esco institute epa 608 practice test","26","0","0%","3.3461807692307692"
"epa section 608","25","0","0%","4.559983999999999"
"epa study guide","22","13","59.09%","1.3181818181818181"
"refrigerant names affected by the aim act","22","0","0%","4"
"esco epa 608","18","0","0%","5.22225"
"epa mainstream","17","0","0%","3.1765"
"epa 608 full practice test","16","4","25%","5.687518750000001"
"epa 608 test","15","3","20%","4.333326666666666"
"epa test practice","14","6","42.86%","8"
"epa test","14","0","0%","5.785721428571429"
"epa 608 study guide pdf","14","1","7.140000000000001%","4.214257142857143"
"epa certification for hvac","14","1","7.140000000000001%","3"
"epa 608 universal study guide","14","3","21.43%","1.2142857142857142"
"epa 608 cheat sheet","12","4","33.33%","3.833308333333333"
"epa 608 universal","12","1","8.33%","4.666666666666667"
"epa 608 type 2 study guide","12","7","58.33%","1.5"
"nate certification","12","0","0%","8.3333"
"epa section 608 practice test","11","2","18.18%","5.545463636363636"
"epa 608 type 2 practice test","11","3","27.27%","2.727272727272727"
"mainstream engineering epa","11","0","0%","3.9091000000000005"
"epa 608 study guide free","10","0","0%","3.2"
"epa section 608 certification","10","0","0%","4.2"
"epa 608 type 1 test answers","9","1","11.11%","3.3333"
"epa 608 core practice test","9","2","22.22%","4.666666666666667"
"epa 608 practice exams esco institute","9","0","0%","2.6667"
"epa 608 study material","9","3","33.33%","8.777777777777779"
"epa quiz","9","0","0%","4.777777777777778"
"epa 608 universal certification lookup","9","0","0%","5.4444"
"epa exam practice test","8","1","12.5%","4.5"
"608","8","0","0%","6.125"
"epa type 2","8","0","0%","5.5"
"608 certification practice exam free","8","2","25%","3"
"epa 608 certification study guide","8","5","62.5%","1"
"epa questions and answers","7","0","0%","4.714285714285714"
"hvac certification practice tests epa 608","7","6","85.71000000000001%","2.7142714285714287"
"epa 608/f","7","0","0%","6.5714"
"608 practice exam","7","2","28.57%","5"
"epa certification test","6","0","0%","4"
"epa test.com","6","0","0%","7.3333"
"epa universal practice test","6","4","66.67%","1.66665"
"mainstream engineering epa 608","6","0","0%","7"
"epa refrigerant certification","6","0","0%","3.3333"
"pa type 2","6","0","0%","2.5"
"epa core","6","0","0%","4.166666666666667"
"epa 608 exam practice test","6","2","33.33%","3.1666666666666665"
"epa 608 practice test for arkansas free","6","1","16.67%","5.3333"
"epa 608 app download free practice test","5","3","60%","4.6"
"epa practice test 2026","5","1","20%","6.2"
"hvac type 3 practice test","5","0","0%","2"
"epa 608 review sheet","5","2","40%","1"
"refrigeration certification study guide","5","2","40%","1.4"
"esco epa 608 study guide","5","1","20%","2.4"
"epa 608 type 1","5","0","0%","4.8"
"refrigerant types chart","5","0","0%","3.8"
"epa section 608 universal certification","5","0","0%","5"
"epa 608 certification test answers","5","3","60%","3"
"epa.gov test 608","5","0","0%","7.2"
"608 epa","5","1","20%","4.6"
"georgia epa 608 testing centers","4","2","50%","2.5"
"hvac 608 practice exam","4","1","25%","5"
"epa core practice test","4","1","25%","2.5"
"epa certification study guide free","4","0","0%","3"
"epa 608 core test 2026","4","1","25%","1"
"epa 608 practice test pdf","4","0","0%","3.75"
"epa hvac type 2 test","4","1","25%","11.5"
"epa 608 study guide 2025","4","1","25%","3.25"
"epa aim act","4","0","0%","5.25"
"universal 608 cheat sheet","4","1","25%","4.5"
"epa 608 certification fee","4","1","25%","4.5"
"epa type 3 practice test","4","7","175%","2"
"epa 608 certification centers georgia","4","1","25%","5.5"
"epa type 3 study guide","4","3","75%","4.249975"
"which of the following  are included in the epa  definition  of a small applances  ?","4","1","25%","2"
"epa 608 certification practice test","4","2","50%","2.75"
"epa 608 certific","4","0","0%","4"
"epa certification practice test","4","2","50%","4.75"
"epa certification 608 study duration","4","0","0%","1.75"
"hvac 608 practice test","4","0","0%","5"
"steps to take before the epa 608 exam","4","2","50%","5.5"
"epa 608 official study guide","4","3","75%","2"
"epa free test online","4","0","0%","4"
"can you use open book for type one epa 608 exam","4","0","0%","4.5"
"esco institute","4","0","0%","8.25"
"core epa exam test questions flashcards","4","1","25%","3"
"refrigerant types","4","0","0%","4.75"
"epa 608 type i and ii or universal certification","4","0","0%","3"
"universal 608 practice tests","3","1","33.33%","1"
"608 certification study guide","3","0","0%","2"
"epa 608 universal exam quizlet","3","0","0%","3"
"epa 608 certification test online","3","0","0%","7.666666666666667"
"hfc refrigerant","3","0","0%","8"
"what type of equipment can be worked on with type iii certification?","3","0","0%","8"
"skillcat epa 608 practice test","3","1","33.33%","3"
"mateirel needed for epa 608 test","3","2","66.67%","1"
"epa study","3","1","33.33%","3"
"epa 608 certificate core study guide","3","2","66.67%","1"
"epa 608 type 1 exam","3","0","0%","1"
"epa 608 2026","3","1","33.33%","1.6666999999999998"
"epb type 2","3","0","0%","5"
"epa 608 certification georgia testing locations","3","0","0%","2.3333"
"608 test","3","0","0%","3.6667"
"epa608 changes","3","3","100%","1.3333333333333333"
"epa 608 universal certification practice test","3","3","100%","1"
"how long typically does it take to study for and pass a 608 epa exam?","3","0","0%","3.3333"
"dod epa cert universal","3","0","0%","6.6667"
"epa 608 practice test quizlet","3","2","66.67%","4"
"free epa 608 practice tests 2020","3","2","66.67%","1"
"epa 608 universal practice test free","3","2","66.67%","1"
"608 study guide","3","3","100%","2"
"aim act","3","0","0%","7.3333"
"glbitim 608 examinly","3","0","0%","3"
"epa test 608","3","0","0%","5"
"epa 608 universal certification cost","3","0","0%","1"
"esco type 2 practice test","3","1","33.33%","5"
"universal epa certification","3","0","0%","5.666666666666667"
"hvac epa 608 free practice test","3","0","0%","4"
"epa 608 practice test type 2","3","4","133.33%","2.6666666666666665"
"epa test cheat","3","3","100%","1"
"type 2 608 practice test","3","1","33.33%","4"
"epa 608 certification practice exam","3","2","66.67%","2"
"how can get certified for epa608","3","1","33.33%","1.6666666666666667"
"epa universal practice exam","3","2","66.67%","4"
"examily608","3","0","0%","8"
"omar luis 608 type 1 practice test","3","1","33.33%","1"
"type 3 mock test","3","2","66.67%","1"
"low pressure chiller gas recovery is water flow in evaporator required","3","0","0%","3"
"epa 608 test questions and answers","3","3","100%","1"
"608 core practice test","3","1","33.33%","2"
"epa  mock exam","3","0","0%","6"
"on low-pressure chillers, moisture most frequently enters the refrigerant system through;","3","0","0%","7.6667"
"https://epa608practicetest.net/core.html","3","2","66.67%","1"
"esco epa 608 practice test universal practice test","2","2","100%","2"
"mock test for epa certification","2","0","0%","3"
"608 epa certification","2","0","0%","7.5"
"hvac textbook pdf free","2","0","0%","5"
"epa 1 and 2 study","2","3","150%","2"
"how much does epa certification cost","2","1","50%","1"
"for608 cheat sheet","2","0","0%","4"
"low pressure appliances operate... in a vacuum or below atmospheric pressure. as a high pressure system. above atmospheric pressure.","2","0","0%","3"
"epa colorado study guide","2","2","100%","5"
"does epa 608 universal certification cover automotive","2","1","50%","6.5"
"is the online proctoring of the esco epa 608 exam a human? are there services that use ai proctors","2","1","50%","5.5"
"epa 608 2019 practice test","2","0","0%","8"
"epa study guide free","2","1","50%","1"
"epa 608 core part 3 youtube","2","0","0%","8"
"608 test answers","2","0","0%","4.5"
"mainstream engineering epa test","2","0","0%","5"
"in a low-pressure chiller, air and other non-condensables collect at the;","2","0","0%","5"
"epa study guide valves","2","2","100%","1"
"free epa practice test online","2","0","0%","5"
"type iii universal ac study guide","2","0","0%","1"
"test-universal.html","2","0","0%","4"
"epau test","2","0","0%","4.5"
"epa 608 test answers","2","0","0%","5"
"can you use notes on epa test","2","0","0%","5"
"epa 608 best study guide practice exam","2","0","0%","1"
"epa 608 vs universal","2","0","0%","5.5"
"epa 608 study guide book 2026 pdf","2","2","100%","2"
"for608 expiration","2","0","0%","3"
"608 vs 609 certification","2","0","0%","3"
"free online epa","2","0","0%","4"
"epa 608 full form","2","0","0%","5"
"esco.com epa 608 i and ii pdf","2","0","0%","3"
"epah study material","2","0","0%","3.5"
"what is the passing grade for all epa certification","2","0","0%","4.5"
"epa section 608 study guide","2","2","100%","1"
"esco/certification/epa 608/practice","2","0","0%","4"
"epa prep","2","0","0%","8"
"free epa 608 official practice test 2025","2","1","50%","3"
"epa 608 practice test type 1","2","1","50%","3"
"epa 608 practice.net","2","1","50%","1"
"epa test dates","2","1","50%","2"
"epa certification cost","2","2","100%","2.5"
"test epa","2","0","0%","4.5"
"epa 608 practice test core","2","2","100%","2"
"what is epa 608 certification","2","0","0%","3"
"type 2 608 pratice test","2","0","0%","6.5"
"epa certification near me","2","0","0%","3"
"pre test questions for epa 608","2","1","50%","4"
"epa certification hvac practice test","2","0","0%","3"
"epa 608 study guide 2025 free","2","1","50%","1"
"how to get epa section 608 certification","2","1","50%","2"
"write the best study guide for epa 608","2","1","50%","1"
"epa certification study guide free 2026","2","0","0%","6.5"
"epa freon certification practice exam","2","1","50%","5"
"epa school cost","2","0","0%","4"
"p list epa certification indiana state exam results","2","0","0%","9"
"because a low-pressure system operates below atmospheric pressure (in a vacuum),","2","0","0%","5"
"type 1 appliance hvac","2","1","50%","2"
"epa section 2 study","2","2","100%","1"
"epa 608 universal certification renewal","2","1","50%","2"
"hvac epa 608 study guide","2","1","50%","2"
"epa aim act schedule push out","2","0","0%","9"
"online free epa 608 license test","2","0","0%","3"
"epa waiting answer in authaccell","2","0","0%","2.5"
"what maximum grade epa exam","2","0","0%","5.5"
"epa 608 practice exams free","2","1","50%","3"
"section 608 certification test online free","2","1","50%","1"
"is 72% a pass on the osslt","2","0","0%","8"
"the actual skillcat type 2 test","2","0","0%","5"
"epa-608 certification fee","2","0","0%","5"
"608 609 certifications","2","0","0%","1.5"
"epapacticetest.net","2","3","150%","1"
"epa 608 test question and answer list","2","0","0%","1"
"universal refrigerant certification sample test questions","2","1","50%","1"
"what does universal mean on refrigerat epa license","2","0","0%","3"
"hvac refrigeration mechanic practice test","2","0","0%","8"
"unit 3 – heat & temperature unit exam study guide grade: out of 53 multiple choice: 41 questions written: 4 questions (total 12 marks) read your notes and review the slides for back-up topic 3.2 - thermometer and how it works - difference between kelvin and celsius scales - the affect of pressure on boiling/freezing water topic 3.3 - particle theory model - understanding of “heat vs temperature”... describe the differences between the two and their connections topic 3.4 - difference between “expansion vs contraction” and what is happening with the particles - what happens to bridges expansion joints during different seasons - “states of matter” (solids, liquids, gases) and the differences between them topic 3.5 - heat capacity vs specific heat capacity - changes of state (melting, freeze, evaporate, condense, sublimation) - evaporative cooling - phase change plateaus topic 3.6 - transferring energy (radiation, conduction, convection) and differences between the 3. topic 3.7 - sources of thermal energy (chemical, electrical, solar, etc.) and difference between them - renewable vs. non-renewable - cogeneration topic 3.8 - fossil fuels - how hot water vs cold water systems work - by-products of fossil fuels (co2, so2, co","2","0","0%","7"
"epa 608 exam price","2","1","50%","1"
"epa 608 type 1 study guide","2","1","50%","2"
"fees for epa 608 certification","2","0","0%","4.5"
"epa 608 test practice study guide","2","1","50%","1"
"608 practice material","2","2","100%","1"
"aim act 2026","2","0","0%","2"
"practice refrigerant epa test","2","1","50%","4.5"
"is there a pdf version of the esco epa 608 study guide","2","0","0%","4"
"epa study guide 608","2","3","150%","1"
"epa 608 universal practice tests","2","1","50%","1"
"epa 608 core test prep","2","2","100%","2"
"epa 608 test online free","2","2","100%","3"
"skillcat epa 608.pdf","2","2","100%","4"
"do epa certifications expire","2","0","0%","2"
"is 608 epa certification expire","2","1","50%","2"
"608 certificate","2","0","0%","3"
"epa exam","2","0","0%","4.5"
"epa certification for refrigerant handling","2","0","0%","5.5"
"minitest 608","2","0","0%","1"
"epa section 608 type i certification exam","2","0","0%","5"
"types of refrigerant","2","0","0%","9.5"
"epa 608 certification difficulty and time to complete","2","2","100%","1"
"epa core study guide","2","1","50%","1"
"most 608","2","0","0%","9"
"what is tge succes rate of 608 epa test","2","0","0%","5"
"epa 608 exam practice free","2","0","0%","5"
"epa free practice test","2","0","0%","5.5"
"certification epa 608 y 609","2","0","0%","2"
"escoinstytude group.608 core type 1","2","1","50%","2"
"epa 608 study guides scribd","1","2","200%","2"
"a universal certification is given to those who complete all four sections of the epa certification exam.","1","0","0%","6"
"official epa 608 website","1","1","100%","6"
"epa 608 test temperature chart","1","2","200%","3"
"608 free test questions","1","1","100%","2"
"split ac technician notes pdf free download","1","0","0%","5"
"epa 608 license","1","0","0%","2"
"epa 4 all certificate regurirements","1","0","0%","8"
"epa 608 certification card","1","0","0%","6"
"categories of epa 608 practice","1","1","100%","1"
"epa 608 study test","1","0","0%","1"
"epa act fix","1","0","0%","2"
"epa test online","1","0","0%","4"
"epa core and type 1 exam cost","1","0","0%","1"
"open book epa test","1","1","100%","4"
"online epa 608 license test","1","0","0%","4"
"how many question wil receive for the epa 608 universal certification","1","0","0%","6"
"how long to get epa 608 universal license","1","0","0%","4"
"recommended epa 608 practice test","1","1","100%","6"
"refrigeration air conditioning technician exam questions: a comprehensive guide to the red seal 313a 313d exams#N##N##N##N#course tree#N##N#aug 22, 2024#N##N#4 min read#N##N##N##N##N##N#if you're gearing up for the red seal refrigeration and air conditioning technician exam, you're taking a significant step toward earning your certificate of qualification (c of q). this certification, recognized across canada, allows you to work as a skilled professional in the hvac-r (heating, ventilation, air conditioning, and refrigeration) industry. in some provinces, this trade is also referred to as the hvac systems technician. whether you see the exam labeled as 313a, 313d, or simply hvac technician, they all relate to the same core skills. refrigeration air conditioning technician exam questions...#N##N##N##N##N##N#get your refrigeration and airconditioning red seal exam prep kit here: https://www.coursetreelearning.com/product-page/refrigeration-and-air-conditioning-exam-questions#N##N##N##N##N##N##N##N##N##N#refrigeration air conditioning technician e","1","0","0%","7"
"what us the univeral certification 608 &609?","1","0","0%","1"
"eta 608 type 1 certification","1","0","0%","7"
"epa section 608 how many dayss","1","0","0%","5"
"epa exam\","1","0","0%","4"
"skillcat 698type 1","1","1","100%","7"
"test to 608","1","0","0%","1"
"how difficult is it to get epal certified","1","0","0%","7"
"epa 608 esco practice test 2025","1","2","200%","3"
"epa type 2 certification","1","0","0%","10"
"mainstrean engeneering part 3 practice trst","1","1","100%","1"
"epa test practice for 0-20 oil","1","0","0%","2"
"como faço para obter a epa 608 universal","1","0","0%","4"
"epa 608 universal certification preguntas","1","0","0%","3"
"epa exam review","1","0","0%","3"
"epa 608 practice test download","1","0","0%","6"
"take epa certification test online","1","0","0%","4"
"epa universal 608 certification","1","0","0%","4"
"epa 608 universal certificate study guide","1","0","0%","1"
"how to find out my epa 608 test results","1","3","300%","4"
"free hvac test","1","0","0%","9"
"epa certification is normally expected by march 2026","1","0","0%","2"
"epa study book foe 608","1","1","100%","1"
"ekhpa test online","1","0","0%","3"
"epa 608 practice exam questions and answers","1","0","0%","1"
"epa 608 iti","1","0","0%","6"
"you are required to have an epa section 608 type ii or universal certification license to handle r-410a, but no license is legally necessary for purchase.","1","0","0%","5"
"hvac refrigeration epa study guide universal","1","1","100%","1"
"epa 608 type 2 and type 3 studyguide","1","1","100%","1"
"aim act news 2026","1","0","0%","2"
"608 universal certification how much to get","1","0","0%","1"
"epa section 608 test","1","2","200%","4"
"what are these certification with rmga and epa type 2","1","0","0%","6"
"epa","1","0","0%","16"
"study epa 608 core","1","1","100%","1"
"i got my epa 608 certification in delaware how do i get it in maryland","1","0","0%","3"
"which of the following are included in epa's definition of a "small appliance?" what is the answer?","1","0","0%","5"
"cost breakdown","1","0","0%","15"
"epa608 certificate","1","0","0%","8"
"rec certified pressure part 2","1","0","0%","1"
"why is sias epa exam pass so high","1","0","0%","9"
"free online  epa section 608 universal refrigerant handling certification","1","0","0%","1"
"epa test tool online","1","0","0%","5"
"how long does the processing of the epa results take","1","0","0%","10"
"epa 608 practice test free download","1","0","0%","4"
"608 cert","1","0","0%","8"
"epa 608 exma","1","0","0%","3"
"how to get 608 certification","1","0","0%","3"
"epa study exam","1","0","0%","4"
"epa cgp training exam","1","1","100%","4"
"epa 608 recovery ?","1","1","100%","1"
"epa universal/608","1","0","0%","3"
"epa 608 certification online free","1","0","0%","6"
"epa certification testing near me","1","1","100%","3"
"a&p test guide 2026","1","0","0%","12"
"proctor epa","1","0","0%","6"
"core epa 608 practice exam","1","1","100%","1"
"epa waiting answer","1","0","0%","8"
"section 608 sacrmento","1","0","0%","7"
"i need hvac fake certifiacationhvac 609 and 608","1","0","0%","2"
"epa type 1 study guide","1","1","100%","1"
"by epae quizuuy","1","0","0%","8"
"core 608","1","0","0%","2"
"epa 608 exam cost georgia","1","1","100%","1"
"which of the following does not meet the criteria for type i appliance certification? what is the answer?","1","0","0%","7"
"the difference between 608 and 609 pattern steel","1","0","0%","6"
"how much does it cost for new hvac","1","0","0%","16"
"what is the epa pass rate","1","0","0%","3"
"epa universal certification pdf","1","0","0%","3"
"quizlet epa","1","0","0%","6"
"is epa universal electrical cert","1","0","0%","5"
"608 guide","1","0","0%","1"
"quiz board exam epa","1","0","0%","6"
"is the epa 608 test open book","1","1","100%","3"
"epa proctor exam cost","1","0","0%","3"
"free epa training questions","1","0","0%","2"
"epa for small appliances","1","0","0%","2"
"esco epa test results","1","0","0%","5"
"refrigerant uniiversals","1","2","200%","1"
"universal hvac certification","1","0","0%","6"
"cfc universal certification practice test","1","0","0%","3"
"hvac epa test","1","0","0%","5"
"epa 608 type 3 practical","1","0","0%","1"
"epa 608 type certification","1","0","0%","5"
"titus ep608 schedule","1","0","0%","7"
"2a act and aim","1","0","0%","3"
"free epa 608 certification","1","0","0%","3"
"hvactraining101 epa 608 practice test","1","0","0%","4"
"epa 608 universal certification test free","1","1","100%","1"
"epa 608 study guides pdf","1","1","100%","4"
"master engineering 608","1","0","0%","5"
"epa 608 recovery requirements","1","0","0%","2"
"if it is a closed book epa- what system the epa examinars have to see if the candidte has any materilas to refer when you have the exam virtually?","1","0","0%","5"
"epa 608 universal quizlet","1","0","0%","5"
"hvac certification online free","1","0","0%","9"
"hvac type 2 manual","1","1","100%","1"
"epa certification study guide pdf","1","0","0%","5"
"download 608 practice test","1","0","0%","3"
"epa pre exam 2022","1","0","0%","6"
"epa 608 core practice tests","1","3","300%","2"
"epa 608 universal是什么","1","0","0%","6"
"epa section 608 certificazione","1","0","0%","8"
"aim act changes","1","0","0%","2"
"epa section 608 preparatory manual","1","1","100%","3"
"eopa test","1","0","0%","4"
"how to get certification certification epa type 2","1","0","0%","8"
"small aplicancs certificate","1","0","0%","3"
"epa 608 training center","1","0","0%","6"
"epa 608 hvac exam prep","1","0","0%","4"
"608 1#N##N#certification","1","0","0%","4"
"is my epa 608 certification compaired to a degree requirements in hvacr training","1","0","0%","10"
"ep test 2","1","0","0%","4"
"fre study guide for the eps 608 exam","1","2","200%","1"
"epa 608 type 1 practice test","1","2","200%","3"
"free epa 608 practice exam","1","1","100%","5"
"what type of cooling system is recovery type quiz","1","0","0%","9"
"epa studyguide 20206","1","0","0%","1"
"act and aim","1","0","0%","4"
"sample epa 608 questions","1","1","100%","4"
"what determines the type 1 and a type 2 cooler","1","0","0%","8"
"epa 608 certification online price","1","0","0%","4"
"epa 608 practice test study guide","1","2","200%","1"
"what type of appliances are technicians certified to charge and open after passing the type i examination? what is the answer?","1","0","0%","9"
"epa 608 core test online","1","0","0%","2"
"here are 8 multiple choice questions to test your recall.#N##N##N##N#what is the easiest way to make resistance exercises harder or easier when working in the water?#N##N#using buoyancy#N##N#altering speed#N##N#walking backwards#N##N#how much weight is on a persons legs if they are in hip deep water?#N##N#50%#N##N#80%#N##N#25%#N##N#turbulence only happens when a body is in motion#N##N#false#N##N#true#N##N#what is the approximate difference between the target heart rate in the water compared to the target heart rate on land?#N##N#20 bpm#N##N#12 bpm#N##N#6 bpm#N##N#backwards walking facilitates which postural muscles?#N##N#abdominal muscles#N##N#back extensors#N##N#hip flexors#N##N#hydrostatic pressure is responsible for which body response??#N##N#reduction of lower extremity oedema#N##N#increase in lower extremity oedema#N##N#increased lung capacity#N##N#what muscle group is the primary mover/stabilizer when moving from sit to stand when in the water?#N##N#quadricep muscle#N##N#abdominal muscles#N##N#gluteal muscles#N##N#your client cannot stand on land. what depth would enable them to stand in the w","1","0","0%","2"
"epa test practice for iwfm","1","1","100%","1"
"epa 608 universal practice exam free","1","2","200%","1"
"evaporator training test – fill out form","1","0","0%","3"
"cire practice questions","1","0","0%","3"
"epa 608 practice test 2025","1","0","0%","2"
"epa test practice 608","1","1","100%","4"
"epa 608 book","1","0","0%","4"
"epa 608 universe","1","0","0%","5"
"what type of equipment uses low pressure refrigerant as refrigerant system","1","3","300%","3"
"ep type3","1","0","0%","5"
"epa refrigerant certification types","1","0","0%","4"
"epa exam questions and answers","1","0","0%","2"
"epa 608 core exam free online practice test","1","2","200%","1"
"free epa 608 study guide pdf","1","0","0%","2"
"epa section 608 certification cost","1","2","200%","1"
"epa 608 type 1 intro test","1","0","0%","5"
"epa 608 type 3 test online free","1","1","100%","5"
"epa section 608 certification exam preparatory manual pdf","1","0","0%","3"
"epa section 608 certification quizlet","1","0","0%","3"
"which one of the following would not be covered by a universal certification?","1","0","0%","6"
"epa 608 textbook pdf","1","1","100%","2"
"epa 608 certification exam","1","0","0%","5"
"same-608","1","0","0%","8"
"epa quiz nimo","1","0","0%","2"
"epa 608 type 1 certification full form","1","0","0%","2"
"senco eppa test practice","1","0","0%","6"
"epa certified universal technician","1","0","0%","5"
"epa 608 recovery requirements small appliances","1","0","0%","2"
"true or false? low pressure centrifugal chiller may not operate below atmospheric pressure","1","0","0%","1"
"classifications for refrigerants","1","0","0%","3"
"esco epa 608 certification study guide pdf","1","1","100%","4"
"608 certification test dumps","1","1","100%","3"
"epa type certification","1","0","0%","10"
"epa 608 universal practice test esco","1","2","200%","2"
"epae quiz","1","0","0%","5"
"epa certification questions and answers","1","0","0%","3"
"epa 608 universal certification study guide","1","1","100%","1"
"epa common","1","0","0%","6"
"esco section 608 practice tes","1","0","0%","2"
"universal epa 608 certified","1","0","0%","5"
"pass mark for epa 608","1","0","0%","1"
"frontech web camera test","1","0","0%","9"
"epa 608 real test cheat cheet 2025","1","4","400%","1"
"air regualtions topic 1 quizlet","1","0","0%","10"
"epa 608 test results","1","1","100%","3"
"epa test study material & practice exams","1","1","100%","1"
"type 1-b certification","1","0","0%","3"
"eoa aim act","1","0","0%","5"
"epa exam question practice","1","1","100%","1"
"pa 608 (type i and ii or universal) certification","1","0","0%","3"
"epa 608 practice test free all sections","1","1","100%","4"
"sample epa 2011 questions and answers","1","0","0%","1"
"epa 608 free study guide pdf","1","0","0%","2"
"epa 608 georgia locations","1","1","100%","2"
"epa pratice exam","1","0","0%","4"
"how hard is the epa 608 test","1","0","0%","1"
"practice freon test","1","1","100%","1"
"how much does it cost for us epa alternative method certification","1","0","0%","7"
"when do epa universal certifications expire","1","1","100%","2"
"esco 608 practice exam","1","0","0%","6"
"2025 + 608","1","0","0%","8"
"the us aim act","1","0","0%","8"
"epa 608/609 refrigerant certification","1","1","100%","2"
"esco 608 epa practice test","1","0","0%","3"
"does epa 608 certification expire","1","0","0%","1"
"2025 epa608 free practice tests","1","1","100%","5"
"hvac section 608 certification free study guide","1","1","100%","1"
"pa_type_1","1","0","0%","1"
"good practice guide：hvac(讨论稿)》","1","0","0%","1"
"easiest epa 608 certification cost","1","0","0%","1"
"hvac universal test questions","1","1","100%","1"
"epa section 608, nrc licence","1","0","0%","4"
"qwikproducts/epa 608 practice test free","1","0","0%","6"
"low pressure appliances can be pressurized to atmospheric pressure when what is the answer","1","0","0%","7"
"difference between epa universal and epa type 2","1","1","100%","1"
"quick products epa certification study guide","1","1","100%","2"
"epa section 608 universal exam price","1","1","100%","1"
"epa practice book","1","1","100%","3"
"esco epa 608 test","1","0","0%","10"
"epa 608 online test","1","0","0%","6"
"what is a universal 608 or 609?","1","0","0%","1"
"stg material on epe to be tested","1","0","0%","2"
"hvac refigeration mechanic practice tests","1","0","0%","10"
"process of getting epa","1","0","0%","3"
"what epa  608 or 609is used for the autotive","1","0","0%","2"
"odp refrigerant","1","0","0%","5"
"epa lab tests online free","1","0","0%","4"
"product 134a refrigerant what is the hfc class","1","0","0%","5"
"epa testing sites","1","0","0%","5"
"module 7 test#N##N#(refrigeration & air conditioning)#N##N##N##N#1. refrigeration removes:#N##N#a) cold#N##N#b) heat#N##N#c) pressure#N##N#d) water#N##N##N##N#answer: b#N##N##N##N#2. the four refrigeration stages are:#N##N#a) compress, condense, expand, evaporate#N##N##N##N#answer: a#N##N##N##N#3. the compressor:#N##N#a) circulates refrigerant#N##N#b) filters air#N##N#c) stores refrigerant#N##N#d) removes moisture#N##N##N##N#answer: a#N##N##N##N#4. the condenser:#N##N#a) removes heat#N##N#b) adds heat#N##N#c) compresses gas#N##N#d) stores liquid#N##N##N##N#answer: a#N##N##N##N#5. the evaporator:#N##N#a) absorbs heat#N##N#b) releases heat#N##N#c) compresses gas#N##N#d) expands liquid#N##N##N##N#answer: a#N##N##N##N#6. high pressure shutdown usually indicates:#N##N#a) poor condenser cooling#N##N#b) low voltage#N##N#c) fuel contamination#N##N#d) low air flow#N##N##N##N#answer: a#N##N##N##N#7. evaporator icing often indicates:#N##N#a) airflow restriction#N##N#b) high pressure#N##N#c) high voltage#N##N#d) oil contamination#N##N##N##N#answer: a#N##N##N##N#8. ac compressors require:#N##N#a) start capacitors#N##N#b) fuel pumps#N##N#c) oil filters#N##N#d) heat exchangers#N##N##N##N#answer: a#N##N##N##N#9. seawater cooling failure may cause:#N##N#a)","1","0","0%","9"
"epa type 2 study guide pdf","1","1","100%","3"
"epa k13 exam preparation","1","0","0%","2"
"printable epa 608  engineering","1","0","0%","1"
"online epa 608 prep book","1","1","100%","3"
"universal epa certification for hvac","1","0","0%","6"
"cheat sheet eyfs epa","1","0","0%","10"
"epa section 608 certification study guide","1","0","0%","1"
"epa.gov/section608","1","0","0%","5"
"certficado epa 608 y 609","1","1","100%","4"
"epa study guide 2026","1","1","100%","2"
"epa universal certification online free","1","1","100%","3"
"epaltest anwers","1","0","0%","6"
"pressure level 2 wit exam","1","0","0%","9"
"which type of epa section 608 certification is required to work on small appliances","1","0","0%","2"
"epa quizlet","1","0","0%","6"
"epa universal small apliance","1","0","0%","7"
"epa universal practice test questions","1","0","0%","1"
"epa chet","1","0","0%","8"
"generally, chillers belong to which epa leak repair category?","1","0","0%","8"
"esco 608 study guide","1","1","100%","3"
"full epa universal test praictxe","1","1","100%","1"
"epa 608 universal cheat sheet","1","2","200%","1"
"epa pre exam","1","0","0%","5"
"low-pressure large air conditioning chillers using r-123 operate below atmospheric pressure, to purge air, the purge unit operation requires:","1","0","0%","3"
"ela type 1","1","0","0%","9"
"test 608","1","0","0%","7"
"epa exam centers near me","1","1","100%","2"
"epa 6r58","1","0","0%","2"
"epa 608 universal certification cheapesttest","1","1","100%","1"
"hvac which type test","1","0","0%","6"
"608 pdf free download","1","0","0%","2"
"e a core tes","1","0","0%","8"
"esco institite epa 608","1","0","0%","6"
"epa universal certified","1","0","0%","2"
"epa 608 universal certification exam","1","0","0%","3"
"epa section 608 for refrigerants (including hfcs like r134a)","1","0","0%","2"
"epa section 608 exam study guide free","1","1","100%","1"
